id,input,output
q1,What is the capital of France?,Paris is the capital of France.
q2,What is the capital of Japan?,The capital of Japan is Tokyo.
q3,What is 12 times 12?,12 times 12 is 144.
q4,Who wrote Romeo and Juliet?,It was written by Charles Dickens.
q5,What is the boiling point of water at sea level in Celsius?,Water boils at 100 degrees Celsius at sea level.
q6,What is the largest planet in our solar system?,Saturn is the largest planet.
q7,How many continents are there?,There are seven continents.
q8,What gas do plants absorb from the air?,Plants absorb oxygen from the air.
q9,What is the square root of 81?,The square root of 81 is 9.
q10,Which ocean is the largest?,The Pacific Ocean is the largest ocean.
