id,run,verdict,label
q1,1,pass,pass
q2,1,pass,pass
q3,1,pass,pass
q4,1,fail,fail
q5,1,pass,pass
q6,1,pass,fail
q7,1,pass,pass
q8,1,pass,fail
q9,1,pass,pass
q10,1,pass,pass
q1,2,pass,pass
q2,2,pass,pass
q3,2,pass,pass
q4,2,fail,fail
q5,2,pass,pass
q6,2,pass,fail
q7,2,pass,pass
q8,2,pass,fail
q9,2,pass,pass
q10,2,pass,pass
q1,3,pass,pass
q2,3,pass,pass
q3,3,pass,pass
q4,3,fail,fail
q5,3,pass,pass
q6,3,pass,fail
q7,3,pass,pass
q8,3,pass,fail
q9,3,pass,pass
q10,3,pass,pass
